X_8_png.rf.19469455c372c96ee78539e731e750ed.jpg,15,10,401,196,maladie
X_8_png.rf.19469455c372c96ee78539e731e750ed.jpg,3,208,406,401,maladie
m_028_png.rf.003296689f153418c098f5242fa2384c.jpg,52,280,185,370,normale
m_028_png.rf.003296689f153418c098f5242fa2384c.jpg,4,154,47,255,normale
m_028_png.rf.003296689f153418c098f5242fa2384c.jpg,128,162,264,239,normale
m_028_png.rf.003296689f153418c098f5242fa2384c.jpg,190,65,288,132,normale
m_028_png.rf.003296689f153418c098f5242fa2384c.jpg,324,43,398,143,normale
m_030_png.rf.22963f8561a7efa016f157df4ff8967d.jpg,2,51,160,161,normale
m_030_png.rf.22963f8561a7efa016f157df4ff8967d.jpg,11,200,161,312,normale
m_030_png.rf.22963f8561a7efa016f157df4ff8967d.jpg,308,60,387,207,normale
m_030_png.rf.22963f8561a7efa016f157df4ff8967d.jpg,194,276,320,416,normale
x_12_png.rf.342f2e1433028e9d61a643815620f81e.jpg,262,44,325,215,maladie
x_12_png.rf.342f2e1433028e9d61a643815620f81e.jpg,236,231,336,331,maladie
x_12_png.rf.342f2e1433028e9d61a643815620f81e.jpg,190,217,229,266,maladie
x_12_png.rf.342f2e1433028e9d61a643815620f81e.jpg,166,272,204,345,maladie
x_12_png.rf.342f2e1433028e9d61a643815620f81e.jpg,115,178,168,259,maladie
x_2_png.rf.2136de5388c6d6b3a07fbdece0170923.jpg,39,110,165,293,maladie
x_2_png.rf.2136de5388c6d6b3a07fbdece0170923.jpg,89,305,232,391,maladie
x_2_png.rf.2136de5388c6d6b3a07fbdece0170923.jpg,305,58,384,217,maladie
x_2_png.rf.2136de5388c6d6b3a07fbdece0170923.jpg,305,255,405,396,maladie
x_2_png.rf.2136de5388c6d6b3a07fbdece0170923.jpg,17,21,168,96,maladie
m_18_png.rf.1c5fd37983ebca35f3b7438cae76d325.jpg,25,75,372,245,maladie
m_18_png.rf.1c5fd37983ebca35f3b7438cae76d325.jpg,99,304,365,388,maladie
a_7_png.rf.2972f86bcc908ea9cd38ff7c70a605e8.jpg,71,246,153,332,maladie
a_7_png.rf.2972f86bcc908ea9cd38ff7c70a605e8.jpg,78,347,133,390,maladie
a_7_png.rf.2972f86bcc908ea9cd38ff7c70a605e8.jpg,122,189,175,243,maladie
a_7_png.rf.2972f86bcc908ea9cd38ff7c70a605e8.jpg,129,145,154,179,maladie
a_7_png.rf.2972f86bcc908ea9cd38ff7c70a605e8.jpg,199,143,246,205,maladie
a_7_png.rf.2972f86bcc908ea9cd38ff7c70a605e8.jpg,230,265,266,320,maladie
a_7_png.rf.2972f86bcc908ea9cd38ff7c70a605e8.jpg,295,91,326,129,maladie
a_7_png.rf.2972f86bcc908ea9cd38ff7c70a605e8.jpg,286,298,316,325,maladie
a_7_png.rf.2972f86bcc908ea9cd38ff7c70a605e8.jpg,293,347,327,380,maladie
a_7_png.rf.2972f86bcc908ea9cd38ff7c70a605e8.jpg,365,90,395,130,normale
a_7_png.rf.2972f86bcc908ea9cd38ff7c70a605e8.jpg,345,18,366,44,normale
a_7_png.rf.2972f86bcc908ea9cd38ff7c70a605e8.jpg,327,227,358,262,normale
a_7_png.rf.2972f86bcc908ea9cd38ff7c70a605e8.jpg,179,42,213,76,normale
a_7_png.rf.2972f86bcc908ea9cd38ff7c70a605e8.jpg,10,376,43,403,normale
d_3_png.rf.2dac49e7558d097b2dacf30d0ffc9180.jpg,102,131,228,210,maladie
d_3_png.rf.2dac49e7558d097b2dacf30d0ffc9180.jpg,58,220,143,297,maladie
d_3_png.rf.2dac49e7558d097b2dacf30d0ffc9180.jpg,175,232,208,262,maladie
d_3_png.rf.2dac49e7558d097b2dacf30d0ffc9180.jpg,305,100,379,186,maladie
d_3_png.rf.2dac49e7558d097b2dacf30d0ffc9180.jpg,192,40,249,85,normale
d_3_png.rf.2dac49e7558d097b2dacf30d0ffc9180.jpg,5,33,63,121,normale
d_3_png.rf.2dac49e7558d097b2dacf30d0ffc9180.jpg,8,149,50,207,normale
d_3_png.rf.2dac49e7558d097b2dacf30d0ffc9180.jpg,133,351,185,391,normale
d_3_png.rf.2dac49e7558d097b2dacf30d0ffc9180.jpg,384,329,412,355,maladie
x_3_png.rf.2cca33cf84fdb62ad2c03fcb1454bd4e.jpg,76,17,262,101,maladie
x_3_png.rf.2cca33cf84fdb62ad2c03fcb1454bd4e.jpg,72,110,308,237,maladie
x_3_png.rf.2cca33cf84fdb62ad2c03fcb1454bd4e.jpg,4,215,69,330,maladie
x_3_png.rf.2cca33cf84fdb62ad2c03fcb1454bd4e.jpg,232,258,408,349,maladie
x_3_png.rf.2cca33cf84fdb62ad2c03fcb1454bd4e.jpg,319,29,399,191,maladie
x_7_png.rf.42f3c2151b9fd7a2a8a8e5a07aedb36f.jpg,12,70,79,174,maladie
x_7_png.rf.42f3c2151b9fd7a2a8a8e5a07aedb36f.jpg,9,226,110,342,maladie
x_7_png.rf.42f3c2151b9fd7a2a8a8e5a07aedb36f.jpg,182,74,346,270,maladie
x_7_png.rf.42f3c2151b9fd7a2a8a8e5a07aedb36f.jpg,157,282,310,402,maladie
x_7_png.rf.42f3c2151b9fd7a2a8a8e5a07aedb36f.jpg,354,82,408,202,maladie
x_7_png.rf.42f3c2151b9fd7a2a8a8e5a07aedb36f.jpg,79,2,160,72,maladie
m_079_png.rf.1a997cc20feec96bdb784e18695714df.jpg,126,247,182,298,maladie
m_079_png.rf.1a997cc20feec96bdb784e18695714df.jpg,236,141,331,206,maladie
m_079_png.rf.1a997cc20feec96bdb784e18695714df.jpg,236,242,268,324,maladie
m_079_png.rf.1a997cc20feec96bdb784e18695714df.jpg,342,189,400,238,maladie
m_079_png.rf.1a997cc20feec96bdb784e18695714df.jpg,21,17,45,47,normale
m_079_png.rf.1a997cc20feec96bdb784e18695714df.jpg,85,34,111,60,normale
x_10_png.rf.1a784c60b7c3c934f2daf5c9d3c66116.jpg,14,15,414,183,maladie
x_10_png.rf.1a784c60b7c3c934f2daf5c9d3c66116.jpg,14,203,409,402,maladie
d_1_png.rf.3de08f60c17f7714c11115fdad749dba.jpg,2,82,128,294,maladie
d_1_png.rf.3de08f60c17f7714c11115fdad749dba.jpg,139,29,327,196,maladie
d_1_png.rf.3de08f60c17f7714c11115fdad749dba.jpg,164,264,323,391,maladie
m_086_png.rf.408961502385c626239e96c7484fc1f4.jpg,17,28,250,251,maladie
m_086_png.rf.408961502385c626239e96c7484fc1f4.jpg,36,262,282,384,maladie
m_086_png.rf.408961502385c626239e96c7484fc1f4.jpg,293,341,391,416,maladie
m_086_png.rf.408961502385c626239e96c7484fc1f4.jpg,302,6,416,178,maladie
x_9_png.rf.2fe9fa72392a13508e63be949aa18d33.jpg,6,137,165,347,maladie
x_9_png.rf.2fe9fa72392a13508e63be949aa18d33.jpg,189,78,411,248,maladie
x_9_png.rf.2fe9fa72392a13508e63be949aa18d33.jpg,237,274,336,373,maladie
r_14_png.rf.1cc85670526f5a0e02737644fb87e024.jpg,40,57,325,286,maladie
r_14_png.rf.1cc85670526f5a0e02737644fb87e024.jpg,10,305,402,408,maladie
r_14_png.rf.1cc85670526f5a0e02737644fb87e024.jpg,358,24,413,153,maladie
x_11_png.rf.397306d9a0f85c2c5b172821ac5eeb08.jpg,42,39,272,215,maladie
x_11_png.rf.397306d9a0f85c2c5b172821ac5eeb08.jpg,279,137,327,222,maladie
x_11_png.rf.397306d9a0f85c2c5b172821ac5eeb08.jpg,62,297,154,402,maladie
x_11_png.rf.397306d9a0f85c2c5b172821ac5eeb08.jpg,12,243,57,381,maladie
m_087_png.rf.5236aaa1d07bf4d2b9b4096a79ce601b.jpg,57,17,330,154,maladie
m_087_png.rf.5236aaa1d07bf4d2b9b4096a79ce601b.jpg,22,212,308,339,maladie
m_087_png.rf.5236aaa1d07bf4d2b9b4096a79ce601b.jpg,56,355,196,407,maladie
m_087_png.rf.5236aaa1d07bf4d2b9b4096a79ce601b.jpg,341,46,416,283,maladie
m_087_png.rf.5236aaa1d07bf4d2b9b4096a79ce601b.jpg,205,164,250,187,normale
m_087_png.rf.5236aaa1d07bf4d2b9b4096a79ce601b.jpg,17,163,50,194,normale
m_016_png.rf.5445aca64072c1d165b56973b71a7511.jpg,67,65,330,255,maladie
m_016_png.rf.5445aca64072c1d165b56973b71a7511.jpg,63,316,192,411,maladie
m_090_png.rf.578eb54b509d4da05c2b99b1d819a87c.jpg,279,45,401,95,maladie
m_090_png.rf.578eb54b509d4da05c2b99b1d819a87c.jpg,190,93,330,148,maladie
m_090_png.rf.578eb54b509d4da05c2b99b1d819a87c.jpg,32,130,204,287,maladie
m_090_png.rf.578eb54b509d4da05c2b99b1d819a87c.jpg,2,345,81,409,maladie
m_090_png.rf.578eb54b509d4da05c2b99b1d819a87c.jpg,238,243,358,344,maladie
m_090_png.rf.578eb54b509d4da05c2b99b1d819a87c.jpg,4,8,179,97,maladie
m_023_png.rf.581e6319dd789ee4a7e15aec13b78eeb.jpg,170,222,319,378,maladie
m_023_png.rf.581e6319dd789ee4a7e15aec13b78eeb.jpg,14,17,66,64,maladie
c_1_png.rf.58c598434b00390672a5fc1a5bf1af5c.jpg,178,38,391,237,maladie
c_1_png.rf.58c598434b00390672a5fc1a5bf1af5c.jpg,83,216,287,387,maladie
a_1_png.rf.4b7e1b4e504ca7fc06225bff11a9a77c.jpg,304,24,395,189,maladie
a_1_png.rf.4b7e1b4e504ca7fc06225bff11a9a77c.jpg,241,161,305,281,maladie
a_1_png.rf.4b7e1b4e504ca7fc06225bff11a9a77c.jpg,18,2,144,191,maladie
a_1_png.rf.4b7e1b4e504ca7fc06225bff11a9a77c.jpg,99,225,206,384,maladie
m_025_png.rf.5a5eb841d76ef2619382fd6c6eb08a86.jpg,90,300,261,366,maladie
m_025_png.rf.5a5eb841d76ef2619382fd6c6eb08a86.jpg,2,26,56,132,maladie
m_025_png.rf.5a5eb841d76ef2619382fd6c6eb08a86.jpg,310,72,411,146,maladie
m_019_png.rf.5ab4dd1c7bc25460e1dbb99cbee76562.jpg,139,297,279,408,maladie
m_019_png.rf.5ab4dd1c7bc25460e1dbb99cbee76562.jpg,39,21,152,132,maladie
m_019_png.rf.5ab4dd1c7bc25460e1dbb99cbee76562.jpg,177,2,233,70,maladie
b_3_png.rf.5fb7ee82b455752e90b4f588a3903562.jpg,4,333,408,415,maladie
b_3_png.rf.5fb7ee82b455752e90b4f588a3903562.jpg,3,154,415,263,maladie
b_3_png.rf.5fb7ee82b455752e90b4f588a3903562.jpg,1,28,337,125,maladie
b_3_png.rf.5fb7ee82b455752e90b4f588a3903562.jpg,368,78,400,115,normale
b_3_png.rf.5fb7ee82b455752e90b4f588a3903562.jpg,347,283,406,324,normale
b_3_png.rf.5fb7ee82b455752e90b4f588a3903562.jpg,103,276,175,311,normale
m_052_png.rf.5ef146eeaa3eb3782feed83eb1a0d23f.jpg,108,58,201,225,maladie
m_052_png.rf.5ef146eeaa3eb3782feed83eb1a0d23f.jpg,130,258,329,365,maladie
m_052_png.rf.5ef146eeaa3eb3782feed83eb1a0d23f.jpg,244,40,352,208,maladie
m_052_png.rf.5ef146eeaa3eb3782feed83eb1a0d23f.jpg,49,212,114,352,maladie
a_3_png.rf.66a69c2a1d6fa582998d1c6722098bd1.jpg,15,50,85,83,maladie
a_3_png.rf.66a69c2a1d6fa582998d1c6722098bd1.jpg,110,33,162,65,maladie
a_3_png.rf.66a69c2a1d6fa582998d1c6722098bd1.jpg,57,135,107,174,maladie
a_3_png.rf.66a69c2a1d6fa582998d1c6722098bd1.jpg,80,237,140,272,maladie
a_3_png.rf.66a69c2a1d6fa582998d1c6722098bd1.jpg,97,363,144,394,maladie
a_3_png.rf.66a69c2a1d6fa582998d1c6722098bd1.jpg,168,121,229,150,maladie
a_3_png.rf.66a69c2a1d6fa582998d1c6722098bd1.jpg,266,117,347,157,maladie
a_3_png.rf.66a69c2a1d6fa582998d1c6722098bd1.jpg,192,219,260,254,maladie
a_3_png.rf.66a69c2a1d6fa582998d1c6722098bd1.jpg,180,359,261,390,maladie
a_3_png.rf.66a69c2a1d6fa582998d1c6722098bd1.jpg,250,58,325,93,normale
a_3_png.rf.66a69c2a1d6fa582998d1c6722098bd1.jpg,162,79,222,107,normale
a_3_png.rf.66a69c2a1d6fa582998d1c6722098bd1.jpg,325,257,382,307,normale
a_3_png.rf.66a69c2a1d6fa582998d1c6722098bd1.jpg,226,296,300,336,normale
x_4_png.rf.67d2f3f5229d54ba58dcc957b8b08cfa.jpg,215,17,365,172,maladie
x_4_png.rf.67d2f3f5229d54ba58dcc957b8b08cfa.jpg,106,144,209,330,maladie
x_4_png.rf.67d2f3f5229d54ba58dcc957b8b08cfa.jpg,222,202,378,380,maladie
x_4_png.rf.67d2f3f5229d54ba58dcc957b8b08cfa.jpg,8,225,48,294,normale
b_4_png.rf.64fcac331204a4d0fc08122656840ef6.jpg,344,269,396,349,maladie
b_4_png.rf.64fcac331204a4d0fc08122656840ef6.jpg,27,161,84,286,maladie
b_4_png.rf.64fcac331204a4d0fc08122656840ef6.jpg,16,295,124,415,maladie
b_4_png.rf.64fcac331204a4d0fc08122656840ef6.jpg,254,7,324,294,maladie
b_4_png.rf.64fcac331204a4d0fc08122656840ef6.jpg,362,92,405,187,normale
b_4_png.rf.64fcac331204a4d0fc08122656840ef6.jpg,66,27,143,113,normale
b_4_png.rf.64fcac331204a4d0fc08122656840ef6.jpg,123,170,240,290,normale
b_4_png.rf.64fcac331204a4d0fc08122656840ef6.jpg,251,303,286,386,maladie
r_10_png.rf.68d25c23b05770aaebc91cee9f32cb92.jpg,164,28,401,194,maladie
r_10_png.rf.68d25c23b05770aaebc91cee9f32cb92.jpg,183,214,415,390,maladie
r_10_png.rf.68d25c23b05770aaebc91cee9f32cb92.jpg,58,114,157,358,maladie
r_10_png.rf.68d25c23b05770aaebc91cee9f32cb92.jpg,15,283,60,365,maladie
r_10_png.rf.68d25c23b05770aaebc91cee9f32cb92.jpg,2,3,42,69,maladie
b_10_png.rf.6a46dafbec9eac15964517e68f285b7a.jpg,15,19,121,82,maladie
b_10_png.rf.6a46dafbec9eac15964517e68f285b7a.jpg,222,13,283,54,maladie
b_10_png.rf.6a46dafbec9eac15964517e68f285b7a.jpg,61,256,197,380,maladie
b_10_png.rf.6a46dafbec9eac15964517e68f285b7a.jpg,57,129,200,216,maladie
b_10_png.rf.6a46dafbec9eac15964517e68f285b7a.jpg,214,318,254,357,normale
b_10_png.rf.6a46dafbec9eac15964517e68f285b7a.jpg,289,171,325,211,normale
b_10_png.rf.6a46dafbec9eac15964517e68f285b7a.jpg,351,134,394,172,maladie
b_10_png.rf.6a46dafbec9eac15964517e68f285b7a.jpg,332,297,379,329,maladie
b_10_png.rf.6a46dafbec9eac15964517e68f285b7a.jpg,355,20,405,72,maladie
m_038_png.rf.6fe7ab6a15a365e13ea3bddb993d6f8f.jpg,295,32,347,100,normale
m_038_png.rf.6fe7ab6a15a365e13ea3bddb993d6f8f.jpg,145,198,217,258,maladie
m_038_png.rf.6fe7ab6a15a365e13ea3bddb993d6f8f.jpg,309,241,330,265,maladie
m_038_png.rf.6fe7ab6a15a365e13ea3bddb993d6f8f.jpg,348,140,374,214,maladie
m_038_png.rf.6fe7ab6a15a365e13ea3bddb993d6f8f.jpg,4,184,47,272,maladie
m_080_png.rf.7303757619fbbe7db4428ca0ac6cb7e3.jpg,149,154,285,243,maladie
m_080_png.rf.7303757619fbbe7db4428ca0ac6cb7e3.jpg,115,44,261,143,maladie
m_080_png.rf.7303757619fbbe7db4428ca0ac6cb7e3.jpg,135,293,193,357,maladie
m_080_png.rf.7303757619fbbe7db4428ca0ac6cb7e3.jpg,288,60,412,153,maladie
x_1_png.rf.86f3d5c8e5daee0d3d97b31173f69206.jpg,132,14,184,144,maladie
x_1_png.rf.86f3d5c8e5daee0d3d97b31173f69206.jpg,193,39,277,166,maladie
x_1_png.rf.86f3d5c8e5daee0d3d97b31173f69206.jpg,321,162,389,250,maladie
b_2_png.rf.951b1ab84e08a3cc85db48448c6d31fb.jpg,250,29,415,164,maladie
b_2_png.rf.951b1ab84e08a3cc85db48448c6d31fb.jpg,68,277,268,337,maladie
b_2_png.rf.951b1ab84e08a3cc85db48448c6d31fb.jpg,82,117,232,217,maladie
b_2_png.rf.951b1ab84e08a3cc85db48448c6d31fb.jpg,284,258,416,408,maladie
b_2_png.rf.951b1ab84e08a3cc85db48448c6d31fb.jpg,47,23,157,100,maladie
b_2_png.rf.951b1ab84e08a3cc85db48448c6d31fb.jpg,17,352,63,388,normale
m_012_png.rf.95ced896dcc6079c4a7361309d88d085.jpg,131,32,293,133,normale
m_012_png.rf.95ced896dcc6079c4a7361309d88d085.jpg,126,174,304,325,normale
m_012_png.rf.95ced896dcc6079c4a7361309d88d085.jpg,257,365,377,409,normale
m_012_png.rf.95ced896dcc6079c4a7361309d88d085.jpg,321,60,368,167,normale
m_012_png.rf.95ced896dcc6079c4a7361309d88d085.jpg,28,352,141,408,normale
m_054_png.rf.9a73c51c08f437f87e3b20b3af57d492.jpg,74,14,192,137,maladie
m_054_png.rf.9a73c51c08f437f87e3b20b3af57d492.jpg,89,180,196,297,maladie
m_054_png.rf.9a73c51c08f437f87e3b20b3af57d492.jpg,243,222,289,286,maladie
m_054_png.rf.9a73c51c08f437f87e3b20b3af57d492.jpg,352,35,413,143,normale
m_013_png.rf.9702ddd6e858f54cd1ae3d3f38885990.jpg,63,186,239,334,maladie
m_013_png.rf.9702ddd6e858f54cd1ae3d3f38885990.jpg,258,252,335,340,maladie
m_013_png.rf.9702ddd6e858f54cd1ae3d3f38885990.jpg,10,21,190,134,maladie
m_071_png.rf.a7dd103cb69ad37633bbd7a1a9236db3.jpg,175,25,265,146,maladie
m_071_png.rf.a7dd103cb69ad37633bbd7a1a9236db3.jpg,103,208,218,300,maladie
m_071_png.rf.a7dd103cb69ad37633bbd7a1a9236db3.jpg,319,62,377,179,maladie
m_071_png.rf.a7dd103cb69ad37633bbd7a1a9236db3.jpg,24,275,110,379,maladie
m_071_png.rf.a7dd103cb69ad37633bbd7a1a9236db3.jpg,6,26,115,158,maladie
m_017_png.rf.aea5321ec8b237283b57bdf24f941300.jpg,261,64,343,147,maladie
m_017_png.rf.aea5321ec8b237283b57bdf24f941300.jpg,88,302,124,340,maladie
m_017_png.rf.aea5321ec8b237283b57bdf24f941300.jpg,111,376,155,403,normale
m_017_png.rf.aea5321ec8b237283b57bdf24f941300.jpg,171,185,212,228,normale
m_017_png.rf.aea5321ec8b237283b57bdf24f941300.jpg,28,359,72,395,normale
m_017_png.rf.aea5321ec8b237283b57bdf24f941300.jpg,230,178,293,268,maladie
m_017_png.rf.aea5321ec8b237283b57bdf24f941300.jpg,63,114,138,191,maladie
m_017_png.rf.aea5321ec8b237283b57bdf24f941300.jpg,189,304,271,381,maladie
m_010_png.rf.b6f92a5900d7f4de1c15236e9a544a0a.jpg,93,129,147,176,maladie
m_010_png.rf.b6f92a5900d7f4de1c15236e9a544a0a.jpg,88,223,149,269,maladie
m_010_png.rf.b6f92a5900d7f4de1c15236e9a544a0a.jpg,263,111,319,194,maladie
m_010_png.rf.b6f92a5900d7f4de1c15236e9a544a0a.jpg,182,262,287,369,maladie
m_010_png.rf.b6f92a5900d7f4de1c15236e9a544a0a.jpg,45,61,91,107,normale
m_010_png.rf.b6f92a5900d7f4de1c15236e9a544a0a.jpg,176,22,236,75,normale
m_010_png.rf.b6f92a5900d7f4de1c15236e9a544a0a.jpg,125,25,158,79,normale
m_011_png.rf.aea7911835a777531724056d7642b101.jpg,3,220,166,333,maladie
m_011_png.rf.aea7911835a777531724056d7642b101.jpg,194,183,366,312,maladie
m_011_png.rf.aea7911835a777531724056d7642b101.jpg,49,64,162,125,maladie
m_011_png.rf.aea7911835a777531724056d7642b101.jpg,247,39,293,69,normale
m_092_png.rf.a10e2a071052ad9cda70f3f6ed06307b.jpg,133,35,361,244,maladie
m_092_png.rf.a10e2a071052ad9cda70f3f6ed06307b.jpg,15,110,129,345,maladie
m_092_png.rf.a10e2a071052ad9cda70f3f6ed06307b.jpg,143,248,299,415,maladie
m_092_png.rf.a10e2a071052ad9cda70f3f6ed06307b.jpg,54,8,118,65,maladie
m_092_png.rf.a10e2a071052ad9cda70f3f6ed06307b.jpg,375,25,404,71,maladie
m_020_png.rf.b7c5fffa924c5a6d1cc6d0b100d1cf37.jpg,243,312,312,408,maladie
m_020_png.rf.b7c5fffa924c5a6d1cc6d0b100d1cf37.jpg,143,12,266,86,maladie
m_020_png.rf.b7c5fffa924c5a6d1cc6d0b100d1cf37.jpg,251,104,304,223,maladie
m_040_png.rf.bb14ad990123591b07f21d55a4969fb8.jpg,75,218,164,318,maladie
m_040_png.rf.bb14ad990123591b07f21d55a4969fb8.jpg,223,89,275,168,maladie
m_040_png.rf.bb14ad990123591b07f21d55a4969fb8.jpg,67,57,106,103,maladie
m_040_png.rf.bb14ad990123591b07f21d55a4969fb8.jpg,162,11,205,67,normale
a_11_png.rf.cd030e82796b6f9528d0f379b1c26bd4.jpg,86,79,137,133,normale
a_11_png.rf.cd030e82796b6f9528d0f379b1c26bd4.jpg,265,190,313,230,normale
a_11_png.rf.cd030e82796b6f9528d0f379b1c26bd4.jpg,294,307,367,364,normale
a_11_png.rf.cd030e82796b6f9528d0f379b1c26bd4.jpg,160,59,192,113,maladie
a_11_png.rf.cd030e82796b6f9528d0f379b1c26bd4.jpg,96,214,129,269,maladie
a_11_png.rf.cd030e82796b6f9528d0f379b1c26bd4.jpg,167,254,210,324,maladie
a_11_png.rf.cd030e82796b6f9528d0f379b1c26bd4.jpg,30,305,75,355,normale
a_11_png.rf.cd030e82796b6f9528d0f379b1c26bd4.jpg,347,83,387,118,normale
a_11_png.rf.cd030e82796b6f9528d0f379b1c26bd4.jpg,229,222,259,297,maladie
m_170_png.rf.bf0ce0b17b71762245b82fb1d5552ca9.jpg,68,196,172,275,normale
m_170_png.rf.bf0ce0b17b71762245b82fb1d5552ca9.jpg,319,139,381,222,normale
m_170_png.rf.bf0ce0b17b71762245b82fb1d5552ca9.jpg,330,305,395,348,normale
m_170_png.rf.bf0ce0b17b71762245b82fb1d5552ca9.jpg,36,31,240,146,normale
m_170_png.rf.bf0ce0b17b71762245b82fb1d5552ca9.jpg,8,308,60,399,normale
m_170_png.rf.bf0ce0b17b71762245b82fb1d5552ca9.jpg,270,33,373,103,normale
m_091_png.rf.df4850689eda0ad61a1e2b4c003f5593.jpg,53,29,340,275,maladie
m_091_png.rf.df4850689eda0ad61a1e2b4c003f5593.jpg,238,301,398,406,maladie
m_042_png.rf.cd819908327ebd76c86b71924fdfcf1f.jpg,8,105,85,190,normale
m_042_png.rf.cd819908327ebd76c86b71924fdfcf1f.jpg,25,226,105,334,normale
m_042_png.rf.cd819908327ebd76c86b71924fdfcf1f.jpg,239,229,323,383,normale
m_042_png.rf.cd819908327ebd76c86b71924fdfcf1f.jpg,316,176,344,207,maladie
m_042_png.rf.cd819908327ebd76c86b71924fdfcf1f.jpg,78,31,168,78,normale
b_6_png.rf.fa70a3c03c4c6e88b2f4fb09c2126e85.jpg,167,4,267,415,maladie
b_6_png.rf.fa70a3c03c4c6e88b2f4fb09c2126e85.jpg,11,20,72,92,normale
b_6_png.rf.fa70a3c03c4c6e88b2f4fb09c2126e85.jpg,11,124,105,221,normale
b_6_png.rf.fa70a3c03c4c6e88b2f4fb09c2126e85.jpg,18,255,126,380,normale
b_6_png.rf.fa70a3c03c4c6e88b2f4fb09c2126e85.jpg,293,39,384,132,normale
m_07_png.rf.e6c166dd0f58eb182f217467f502d543.jpg,93,104,164,194,normale
m_07_png.rf.e6c166dd0f58eb182f217467f502d543.jpg,248,146,309,205,normale
m_07_png.rf.e6c166dd0f58eb182f217467f502d543.jpg,115,303,172,353,normale
x_6_png.rf.bd0613f761f6e68ccd94adef1b791faf.jpg,13,13,232,141,maladie
x_6_png.rf.bd0613f761f6e68ccd94adef1b791faf.jpg,3,246,157,404,maladie
x_6_png.rf.bd0613f761f6e68ccd94adef1b791faf.jpg,178,188,368,383,maladie
x_6_png.rf.bd0613f761f6e68ccd94adef1b791faf.jpg,306,20,416,138,maladie