filename,width,height,class,xmin,ymin,xmax,ymax
m_29_png.rf.0ae1680b9ee3f5a9ced16551bd0360f0.jpg,416,416,maladie,93,5,154,61
m_29_png.rf.0ae1680b9ee3f5a9ced16551bd0360f0.jpg,416,416,maladie,207,85,264,158
m_29_png.rf.0ae1680b9ee3f5a9ced16551bd0360f0.jpg,416,416,maladie,37,352,64,405
m_29_png.rf.0ae1680b9ee3f5a9ced16551bd0360f0.jpg,416,416,maladie,297,114,344,231
m_29_png.rf.0ae1680b9ee3f5a9ced16551bd0360f0.jpg,416,416,normale,328,7,362,80
m_29_png.rf.0ae1680b9ee3f5a9ced16551bd0360f0.jpg,416,416,maladie,361,229,397,333
m_157_png.rf.098eb4a34e559b604aa4315b58b9df1b.jpg,416,416,normale,15,44,68,148
m_157_png.rf.098eb4a34e559b604aa4315b58b9df1b.jpg,416,416,normale,314,191,351,252
m_157_png.rf.098eb4a34e559b604aa4315b58b9df1b.jpg,416,416,normale,14,207,57,289
m_157_png.rf.098eb4a34e559b604aa4315b58b9df1b.jpg,416,416,normale,307,43,345,106
m_153_png.rf.04bf3199b40e79f8fee4d6b6252da63f.jpg,416,416,normale,36,56,102,203
m_153_png.rf.04bf3199b40e79f8fee4d6b6252da63f.jpg,416,416,normale,152,105,212,203
m_111_png.rf.05197be809bf8b73d0554b6a5b1c9d94.jpg,416,416,maladie,24,103,136,205
m_111_png.rf.05197be809bf8b73d0554b6a5b1c9d94.jpg,416,416,maladie,171,44,270,181
m_111_png.rf.05197be809bf8b73d0554b6a5b1c9d94.jpg,416,416,maladie,289,38,416,141
m_111_png.rf.05197be809bf8b73d0554b6a5b1c9d94.jpg,416,416,maladie,286,175,413,272
m_111_png.rf.05197be809bf8b73d0554b6a5b1c9d94.jpg,416,416,maladie,214,289,366,386
m_46_png.rf.051270d3ee52d34ab3694f7850dcd942.jpg,416,416,maladie,104,24,153,110
m_46_png.rf.051270d3ee52d34ab3694f7850dcd942.jpg,416,416,maladie,103,276,139,374
m_46_png.rf.051270d3ee52d34ab3694f7850dcd942.jpg,416,416,maladie,279,14,317,139
m_46_png.rf.051270d3ee52d34ab3694f7850dcd942.jpg,416,416,normale,25,13,63,66
m_135_png.rf.0c6498ca167db171a121aa0693846f49.jpg,416,416,normale,5,65,66,204
m_135_png.rf.0c6498ca167db171a121aa0693846f49.jpg,416,416,normale,266,35,315,79
m_135_png.rf.0c6498ca167db171a121aa0693846f49.jpg,416,416,normale,16,232,104,338
m_38_png.rf.07b19f707816cc3b4b804cc401ebdcc9.jpg,416,416,maladie,97,191,178,236
m_38_png.rf.07b19f707816cc3b4b804cc401ebdcc9.jpg,416,416,maladie,172,9,223,40
m_38_png.rf.07b19f707816cc3b4b804cc401ebdcc9.jpg,416,416,maladie,189,122,239,152
m_154_png.rf.1274c1d1de52ee4025a6f19193f638e2.jpg,416,416,normale,217,18,297,107
m_154_png.rf.1274c1d1de52ee4025a6f19193f638e2.jpg,416,416,normale,0,174,52,292
m_154_png.rf.1274c1d1de52ee4025a6f19193f638e2.jpg,416,416,normale,176,299,226,353
m_117_png.rf.1348c16ed3238fd2af08e3dff3677908.jpg,416,416,normale,31,126,101,233
m_117_png.rf.1348c16ed3238fd2af08e3dff3677908.jpg,416,416,normale,124,61,177,151
m_117_png.rf.1348c16ed3238fd2af08e3dff3677908.jpg,416,416,normale,265,170,341,288
m_117_png.rf.1348c16ed3238fd2af08e3dff3677908.jpg,416,416,normale,270,24,360,143
m_39_png.rf.101ce79ba3bfb1ee6170086cf92aa6ce.jpg,416,416,maladie,129,67,181,152
m_39_png.rf.101ce79ba3bfb1ee6170086cf92aa6ce.jpg,416,416,maladie,125,211,170,289
m_39_png.rf.101ce79ba3bfb1ee6170086cf92aa6ce.jpg,416,416,maladie,322,91,342,168
m_39_png.rf.101ce79ba3bfb1ee6170086cf92aa6ce.jpg,416,416,maladie,284,220,325,311
m_39_png.rf.101ce79ba3bfb1ee6170086cf92aa6ce.jpg,416,416,maladie,138,302,177,356
m_39_png.rf.101ce79ba3bfb1ee6170086cf92aa6ce.jpg,416,416,normale,48,3,77,61
m_39_png.rf.101ce79ba3bfb1ee6170086cf92aa6ce.jpg,416,416,normale,25,98,51,179
m_39_png.rf.101ce79ba3bfb1ee6170086cf92aa6ce.jpg,416,416,normale,9,183,33,262
m_39_png.rf.101ce79ba3bfb1ee6170086cf92aa6ce.jpg,416,416,maladie,241,8,282,77
m_31_png.rf.16cfe457af19a8311bcefc61b4b10d7f.jpg,416,416,maladie,45,85,91,142
m_31_png.rf.16cfe457af19a8311bcefc61b4b10d7f.jpg,416,416,maladie,34,166,71,238
m_31_png.rf.16cfe457af19a8311bcefc61b4b10d7f.jpg,416,416,maladie,26,266,64,353
m_31_png.rf.16cfe457af19a8311bcefc61b4b10d7f.jpg,416,416,maladie,137,272,161,339
m_31_png.rf.16cfe457af19a8311bcefc61b4b10d7f.jpg,416,416,maladie,351,150,376,193
m_31_png.rf.16cfe457af19a8311bcefc61b4b10d7f.jpg,416,416,maladie,274,89,304,134
m_22_png.rf.16df40f52d42ed30226bcd0afc5a80be.jpg,416,416,maladie,93,30,166,179
m_22_png.rf.16df40f52d42ed30226bcd0afc5a80be.jpg,416,416,maladie,54,208,125,304
m_22_png.rf.16df40f52d42ed30226bcd0afc5a80be.jpg,416,416,maladie,140,220,180,306
m_22_png.rf.16df40f52d42ed30226bcd0afc5a80be.jpg,416,416,maladie,204,220,222,267
m_63_png.rf.1886daebd68a751f7442b7fd9a6f3ee5.jpg,416,416,maladie,195,188,261,269
m_63_png.rf.1886daebd68a751f7442b7fd9a6f3ee5.jpg,416,416,maladie,340,22,397,118
m_63_png.rf.1886daebd68a751f7442b7fd9a6f3ee5.jpg,416,416,maladie,14,27,51,99
m_10_png.rf.15d6d03288ddcf65b28afe55a354d92d.jpg,416,416,maladie,7,204,49,275
m_10_png.rf.15d6d03288ddcf65b28afe55a354d92d.jpg,416,416,maladie,88,174,117,236
m_10_png.rf.15d6d03288ddcf65b28afe55a354d92d.jpg,416,416,maladie,179,61,244,171
m_10_png.rf.15d6d03288ddcf65b28afe55a354d92d.jpg,416,416,maladie,293,114,331,173
m_119_png.rf.1c0dfb9db3ddc06b28f43e50756b4551.jpg,416,416,normale,110,80,249,196
m_119_png.rf.1c0dfb9db3ddc06b28f43e50756b4551.jpg,416,416,normale,140,234,295,312
m_119_png.rf.1c0dfb9db3ddc06b28f43e50756b4551.jpg,416,416,normale,6,57,95,208
m_119_png.rf.1c0dfb9db3ddc06b28f43e50756b4551.jpg,416,416,normale,301,64,385,217
m_115_png.rf.1e107cbe5c8c2a28baf8cc9fa5b3f8b0.jpg,416,416,normale,91,65,185,187
m_115_png.rf.1e107cbe5c8c2a28baf8cc9fa5b3f8b0.jpg,416,416,normale,94,216,199,314
m_115_png.rf.1e107cbe5c8c2a28baf8cc9fa5b3f8b0.jpg,416,416,normale,240,237,349,373
m_115_png.rf.1e107cbe5c8c2a28baf8cc9fa5b3f8b0.jpg,416,416,normale,0,50,75,179
m_115_png.rf.1e107cbe5c8c2a28baf8cc9fa5b3f8b0.jpg,416,416,normale,240,16,333,95
m_145_png.rf.29e81cf821f0cb86cc30b5165b688029.jpg,416,416,normale,132,53,198,85
m_103_png.rf.1b5f42faa908b4aea5eeedea334f23e5.jpg,416,416,maladie,10,83,119,257
m_103_png.rf.1b5f42faa908b4aea5eeedea334f23e5.jpg,416,416,maladie,126,77,232,248
m_103_png.rf.1b5f42faa908b4aea5eeedea334f23e5.jpg,416,416,maladie,286,82,408,302
m_103_png.rf.1b5f42faa908b4aea5eeedea334f23e5.jpg,416,416,maladie,20,293,83,378
m_103_png.rf.1b5f42faa908b4aea5eeedea334f23e5.jpg,416,416,maladie,97,275,189,399
m_57_png.rf.2ad79f3b78ab800a032fb81d6c497895.jpg,416,416,maladie,219,16,288,48
m_57_png.rf.2ad79f3b78ab800a032fb81d6c497895.jpg,416,416,maladie,341,60,392,122
m_57_png.rf.2ad79f3b78ab800a032fb81d6c497895.jpg,416,416,maladie,161,346,204,391
m_57_png.rf.2ad79f3b78ab800a032fb81d6c497895.jpg,416,416,maladie,51,192,94,249
m_57_png.rf.2ad79f3b78ab800a032fb81d6c497895.jpg,416,416,maladie,287,379,331,415
m_34_png.rf.2b17212c1a59e6ff6108409ea9b63053.jpg,416,416,maladie,183,34,249,171
m_34_png.rf.2b17212c1a59e6ff6108409ea9b63053.jpg,416,416,maladie,161,194,246,258
m_34_png.rf.2b17212c1a59e6ff6108409ea9b63053.jpg,416,416,maladie,159,302,213,385
m_34_png.rf.2b17212c1a59e6ff6108409ea9b63053.jpg,416,416,maladie,83,7,109,88
m_34_png.rf.2b17212c1a59e6ff6108409ea9b63053.jpg,416,416,normale,303,18,341,89
m_177_png.rf.2ee7b6e9d37d500ec19e15ef5d423dcf.jpg,416,416,maladie,31,43,153,172
m_177_png.rf.2ee7b6e9d37d500ec19e15ef5d423dcf.jpg,416,416,maladie,208,57,312,214
m_177_png.rf.2ee7b6e9d37d500ec19e15ef5d423dcf.jpg,416,416,maladie,327,214,409,264
m_177_png.rf.2ee7b6e9d37d500ec19e15ef5d423dcf.jpg,416,416,maladie,291,11,389,96
m_42_png.rf.345a80b989ab5058d758ef9cb6c04d7c.jpg,416,416,maladie,184,261,224,289
m_42_png.rf.345a80b989ab5058d758ef9cb6c04d7c.jpg,416,416,normale,25,44,71,113
m_42_png.rf.345a80b989ab5058d758ef9cb6c04d7c.jpg,416,416,normale,349,208,395,240
m_42_png.rf.345a80b989ab5058d758ef9cb6c04d7c.jpg,416,416,maladie,316,270,371,309
m_175_png.rf.3817a91e97002538dc1676e4e666d6dc.jpg,416,416,maladie,107,59,279,149
m_175_png.rf.3817a91e97002538dc1676e4e666d6dc.jpg,416,416,maladie,12,269,96,369
m_43_png.rf.2da1aeba6dcc19ea5cf7c64d2e60c4b6.jpg,416,416,maladie,172,30,218,169
m_43_png.rf.2da1aeba6dcc19ea5cf7c64d2e60c4b6.jpg,416,416,maladie,238,201,296,283
m_43_png.rf.2da1aeba6dcc19ea5cf7c64d2e60c4b6.jpg,416,416,maladie,222,316,269,401
m_43_png.rf.2da1aeba6dcc19ea5cf7c64d2e60c4b6.jpg,416,416,maladie,4,6,44,103
m_43_png.rf.2da1aeba6dcc19ea5cf7c64d2e60c4b6.jpg,416,416,maladie,5,131,53,238
m_43_png.rf.2da1aeba6dcc19ea5cf7c64d2e60c4b6.jpg,416,416,maladie,4,256,48,327
m_151_png.rf.3a032d1ad76032c37a3aa4cc38ea223a.jpg,416,416,normale,113,9,180,147
m_151_png.rf.3a032d1ad76032c37a3aa4cc38ea223a.jpg,416,416,normale,162,166,219,216
m_151_png.rf.3a032d1ad76032c37a3aa4cc38ea223a.jpg,416,416,normale,374,20,405,77
m_59_png.rf.3a5c1a7c8f509196a7b28608d235ebf1.jpg,416,416,normale,30,155,63,203
m_59_png.rf.3a5c1a7c8f509196a7b28608d235ebf1.jpg,416,416,normale,166,98,240,211
m_59_png.rf.3a5c1a7c8f509196a7b28608d235ebf1.jpg,416,416,normale,36,29,119,130
m_59_png.rf.3a5c1a7c8f509196a7b28608d235ebf1.jpg,416,416,maladie,334,73,393,156
m_59_png.rf.3a5c1a7c8f509196a7b28608d235ebf1.jpg,416,416,maladie,192,337,258,403
m_59_png.rf.3a5c1a7c8f509196a7b28608d235ebf1.jpg,416,416,maladie,14,325,72,396
m_144_png.rf.3e2487bacf9ac859261c86bf4e2e626e.jpg,416,416,maladie,186,44,256,143
m_144_png.rf.3e2487bacf9ac859261c86bf4e2e626e.jpg,416,416,maladie,201,195,268,302
m_23_png.rf.3e5320cede0174e686d3224e765349d6.jpg,416,416,maladie,194,230,243,286
m_23_png.rf.3e5320cede0174e686d3224e765349d6.jpg,416,416,maladie,22,32,69,128
m_23_png.rf.3e5320cede0174e686d3224e765349d6.jpg,416,416,maladie,325,194,379,270
m_143_png.rf.41515586becbd38c086d0c5951d45657.jpg,416,416,normale,131,117,200,191
m_143_png.rf.41515586becbd38c086d0c5951d45657.jpg,416,416,normale,224,36,286,113
m_143_png.rf.41515586becbd38c086d0c5951d45657.jpg,416,416,normale,266,249,359,356
m_101_png.rf.41e19ee1b080ff9c27ee6289c4e9505a.jpg,416,416,maladie,35,203,128,258
m_101_png.rf.41e19ee1b080ff9c27ee6289c4e9505a.jpg,416,416,maladie,153,201,209,295
m_101_png.rf.41e19ee1b080ff9c27ee6289c4e9505a.jpg,416,416,maladie,276,312,350,363
m_101_png.rf.41e19ee1b080ff9c27ee6289c4e9505a.jpg,416,416,maladie,171,5,305,96
m_101_png.rf.41e19ee1b080ff9c27ee6289c4e9505a.jpg,416,416,maladie,292,187,379,280
m_181_png.rf.42494ac0eb704af65fc200265f90e619.jpg,416,416,maladie,347,317,391,387
m_28_png.rf.447999d0719630e95df0fd5de611903c.jpg,416,416,maladie,26,18,73,113
m_28_png.rf.447999d0719630e95df0fd5de611903c.jpg,416,416,maladie,42,135,88,221
m_28_png.rf.447999d0719630e95df0fd5de611903c.jpg,416,416,maladie,37,259,84,350
m_28_png.rf.447999d0719630e95df0fd5de611903c.jpg,416,416,maladie,352,130,394,216
m_28_png.rf.447999d0719630e95df0fd5de611903c.jpg,416,416,normale,119,51,168,140
m_28_png.rf.447999d0719630e95df0fd5de611903c.jpg,416,416,normale,134,160,179,250
m_28_png.rf.447999d0719630e95df0fd5de611903c.jpg,416,416,normale,220,226,282,343
m_28_png.rf.447999d0719630e95df0fd5de611903c.jpg,416,416,normale,131,283,195,393
m_192_png.rf.48e5d9241fe8a5bd22a2f7022e1a3487.jpg,416,416,maladie,6,135,111,310
m_192_png.rf.48e5d9241fe8a5bd22a2f7022e1a3487.jpg,416,416,maladie,310,76,415,256
m_192_png.rf.48e5d9241fe8a5bd22a2f7022e1a3487.jpg,416,416,maladie,86,54,194,117
m_61_png.rf.49cb76e9c478d58ca77bcd5d5fcc56d0.jpg,416,416,normale,307,69,352,193
m_61_png.rf.49cb76e9c478d58ca77bcd5d5fcc56d0.jpg,416,416,normale,93,176,134,236
m_61_png.rf.49cb76e9c478d58ca77bcd5d5fcc56d0.jpg,416,416,normale,149,239,191,298
m_61_png.rf.49cb76e9c478d58ca77bcd5d5fcc56d0.jpg,416,416,maladie,58,292,111,375
m_61_png.rf.49cb76e9c478d58ca77bcd5d5fcc56d0.jpg,416,416,maladie,378,215,411,296
m_156_png.rf.4ad0ca089eb81662087b3297d013b822.jpg,416,416,maladie,103,297,146,342
m_156_png.rf.4ad0ca089eb81662087b3297d013b822.jpg,416,416,maladie,76,350,100,402
m_156_png.rf.4ad0ca089eb81662087b3297d013b822.jpg,416,416,normale,208,135,230,180
m_156_png.rf.4ad0ca089eb81662087b3297d013b822.jpg,416,416,normale,78,82,110,149
m_156_png.rf.4ad0ca089eb81662087b3297d013b822.jpg,416,416,normale,271,72,313,162
m_60_png.rf.4abeca3733d5b7d856fe8f40a4f31543.jpg,416,416,maladie,100,291,165,391
m_60_png.rf.4abeca3733d5b7d856fe8f40a4f31543.jpg,416,416,maladie,25,29,125,70
m_60_png.rf.4abeca3733d5b7d856fe8f40a4f31543.jpg,416,416,maladie,85,102,203,134
m_60_png.rf.4abeca3733d5b7d856fe8f40a4f31543.jpg,416,416,maladie,352,0,410,116
m_60_png.rf.4abeca3733d5b7d856fe8f40a4f31543.jpg,416,416,maladie,300,104,357,229
m_25_png.rf.4db259834907860764af936a9b1e5673.jpg,416,416,normale,130,30,171,107
m_25_png.rf.4db259834907860764af936a9b1e5673.jpg,416,416,normale,238,118,286,198
m_25_png.rf.4db259834907860764af936a9b1e5673.jpg,416,416,normale,218,214,247,287
m_25_png.rf.4db259834907860764af936a9b1e5673.jpg,416,416,normale,355,337,396,406
m_25_png.rf.4db259834907860764af936a9b1e5673.jpg,416,416,normale,51,358,102,405
m_25_png.rf.4db259834907860764af936a9b1e5673.jpg,416,416,normale,21,56,70,152
m_123_png.rf.4f4673f74b2f2e0ea517f603017d2cae.jpg,416,416,normale,67,49,171,141
m_123_png.rf.4f4673f74b2f2e0ea517f603017d2cae.jpg,416,416,normale,69,155,162,225
m_123_png.rf.4f4673f74b2f2e0ea517f603017d2cae.jpg,416,416,normale,203,132,284,258
m_4_png.rf.507def9063d3ab063ef8f4ca32df89b8.jpg,416,416,maladie,381,11,409,82
m_4_png.rf.507def9063d3ab063ef8f4ca32df89b8.jpg,416,416,normale,103,127,142,161
m_4_png.rf.507def9063d3ab063ef8f4ca32df89b8.jpg,416,416,maladie,366,159,400,196
m_4_png.rf.507def9063d3ab063ef8f4ca32df89b8.jpg,416,416,normale,210,93,247,128
m_21_png.rf.52345d94f4a9d73e7d21bf952c5ff61f.jpg,416,416,maladie,219,97,291,176
m_21_png.rf.52345d94f4a9d73e7d21bf952c5ff61f.jpg,416,416,maladie,3,175,178,270
m_21_png.rf.52345d94f4a9d73e7d21bf952c5ff61f.jpg,416,416,maladie,6,103,121,174
m_21_png.rf.52345d94f4a9d73e7d21bf952c5ff61f.jpg,416,416,maladie,202,202,301,269
m_47_png.rf.57e9a07a99d5b92874f72b9c73ed026b.jpg,416,416,maladie,42,14,128,60
m_47_png.rf.57e9a07a99d5b92874f72b9c73ed026b.jpg,416,416,maladie,268,111,339,171
m_49_png.rf.56494f0819295b64a0dfb31c292681d7.jpg,416,416,maladie,41,9,111,112
m_49_png.rf.56494f0819295b64a0dfb31c292681d7.jpg,416,416,maladie,15,157,52,231
m_49_png.rf.56494f0819295b64a0dfb31c292681d7.jpg,416,416,maladie,62,134,103,225
m_49_png.rf.56494f0819295b64a0dfb31c292681d7.jpg,416,416,maladie,121,9,164,99
m_49_png.rf.56494f0819295b64a0dfb31c292681d7.jpg,416,416,maladie,113,113,161,203
m_49_png.rf.56494f0819295b64a0dfb31c292681d7.jpg,416,416,maladie,32,277,108,365
m_49_png.rf.56494f0819295b64a0dfb31c292681d7.jpg,416,416,maladie,327,11,366,64
m_49_png.rf.56494f0819295b64a0dfb31c292681d7.jpg,416,416,maladie,185,40,226,89
m_35_png.rf.5851da0d9edd07552e1f7b8622e2cbd3.jpg,416,416,maladie,137,193,202,309
m_35_png.rf.5851da0d9edd07552e1f7b8622e2cbd3.jpg,416,416,maladie,160,28,204,112
m_35_png.rf.5851da0d9edd07552e1f7b8622e2cbd3.jpg,416,416,maladie,11,196,47,225
m_35_png.rf.5851da0d9edd07552e1f7b8622e2cbd3.jpg,416,416,maladie,60,1,119,89
m_35_png.rf.5851da0d9edd07552e1f7b8622e2cbd3.jpg,416,416,maladie,179,326,217,390
m_35_png.rf.5851da0d9edd07552e1f7b8622e2cbd3.jpg,416,416,maladie,331,16,386,128
m_35_png.rf.5851da0d9edd07552e1f7b8622e2cbd3.jpg,416,416,maladie,347,150,410,232
m_35_png.rf.5851da0d9edd07552e1f7b8622e2cbd3.jpg,416,416,maladie,280,146,307,190
m_112_png.rf.5bbbd2a881a5317fa7468cbb01818921.jpg,416,416,normale,239,174,316,254
m_112_png.rf.5bbbd2a881a5317fa7468cbb01818921.jpg,416,416,normale,211,14,319,78
m_112_png.rf.5bbbd2a881a5317fa7468cbb01818921.jpg,416,416,normale,125,306,224,363
m_112_png.rf.5bbbd2a881a5317fa7468cbb01818921.jpg,416,416,normale,341,26,414,117
m_169_png.rf.5f08f97c004aa46d12ac2e75af1978b7.jpg,416,416,maladie,82,101,255,326
m_169_png.rf.5f08f97c004aa46d12ac2e75af1978b7.jpg,416,416,maladie,284,22,413,260
m_169_png.rf.5f08f97c004aa46d12ac2e75af1978b7.jpg,416,416,maladie,121,6,189,93
m_169_png.rf.5f08f97c004aa46d12ac2e75af1978b7.jpg,416,416,maladie,12,140,79,251
m_19_png.rf.65e2c2cc2d633be6208c6282915de0b8.jpg,416,416,maladie,11,90,80,202
m_19_png.rf.65e2c2cc2d633be6208c6282915de0b8.jpg,416,416,maladie,117,38,165,125
m_19_png.rf.65e2c2cc2d633be6208c6282915de0b8.jpg,416,416,maladie,268,104,341,193
m_19_png.rf.65e2c2cc2d633be6208c6282915de0b8.jpg,416,416,maladie,108,192,177,283
m_24_png.rf.7129038d8af47c9d75469a5939c27654.jpg,416,416,maladie,328,43,386,132
m_24_png.rf.7129038d8af47c9d75469a5939c27654.jpg,416,416,maladie,8,201,95,270
m_24_png.rf.7129038d8af47c9d75469a5939c27654.jpg,416,416,maladie,193,82,266,114
m_17_png.rf.79a16a63ed2ef46c0c6f78375d04ec59.jpg,416,416,normale,28,90,102,248
m_17_png.rf.79a16a63ed2ef46c0c6f78375d04ec59.jpg,416,416,maladie,64,268,90,299
m_17_png.rf.79a16a63ed2ef46c0c6f78375d04ec59.jpg,416,416,normale,60,322,122,400
m_17_png.rf.79a16a63ed2ef46c0c6f78375d04ec59.jpg,416,416,normale,194,299,243,382
m_17_png.rf.79a16a63ed2ef46c0c6f78375d04ec59.jpg,416,416,normale,164,0,190,52
m_17_png.rf.79a16a63ed2ef46c0c6f78375d04ec59.jpg,416,416,normale,247,149,289,181
m_113_png.rf.7d4fce974674897b47bb47b1250fa2f9.jpg,416,416,normale,28,44,157,122
m_113_png.rf.7d4fce974674897b47bb47b1250fa2f9.jpg,416,416,normale,208,55,309,150
m_113_png.rf.7d4fce974674897b47bb47b1250fa2f9.jpg,416,416,normale,194,195,299,300
m_113_png.rf.7d4fce974674897b47bb47b1250fa2f9.jpg,416,416,normale,11,191,88,303
m_113_png.rf.7d4fce974674897b47bb47b1250fa2f9.jpg,416,416,normale,366,32,416,213
m_168_png.rf.8a7f2f986bb60a258dda946207b5cdb2.jpg,416,416,maladie,8,238,121,379
m_168_png.rf.8a7f2f986bb60a258dda946207b5cdb2.jpg,416,416,maladie,12,39,113,184
m_168_png.rf.8a7f2f986bb60a258dda946207b5cdb2.jpg,416,416,maladie,213,5,351,156
m_168_png.rf.8a7f2f986bb60a258dda946207b5cdb2.jpg,416,416,maladie,159,178,342,380
m_8_png.rf.8ff03e9be39f1d2625a7e73c7fdaf253.jpg,416,416,normale,277,16,313,91
m_8_png.rf.8ff03e9be39f1d2625a7e73c7fdaf253.jpg,416,416,normale,101,34,137,123
m_8_png.rf.8ff03e9be39f1d2625a7e73c7fdaf253.jpg,416,416,normale,9,3,33,48
m_8_png.rf.8ff03e9be39f1d2625a7e73c7fdaf253.jpg,416,416,normale,111,311,158,381
m_8_png.rf.8ff03e9be39f1d2625a7e73c7fdaf253.jpg,416,416,normale,348,303,382,359
m_8_png.rf.8ff03e9be39f1d2625a7e73c7fdaf253.jpg,416,416,normale,301,103,328,164
m_142_png.rf.908515446d5b5205ade46484c258ebef.jpg,416,416,normale,46,72,124,167
m_142_png.rf.908515446d5b5205ade46484c258ebef.jpg,416,416,normale,328,247,394,349
m_142_png.rf.908515446d5b5205ade46484c258ebef.jpg,416,416,normale,94,194,168,295
m_41_png.rf.94d386c73af5da453e3e2e0604dbfc94.jpg,416,416,maladie,206,24,296,187
m_41_png.rf.94d386c73af5da453e3e2e0604dbfc94.jpg,416,416,maladie,181,216,218,312
m_41_png.rf.94d386c73af5da453e3e2e0604dbfc94.jpg,416,416,maladie,248,248,302,387
m_41_png.rf.94d386c73af5da453e3e2e0604dbfc94.jpg,416,416,maladie,348,347,382,403
m_41_png.rf.94d386c73af5da453e3e2e0604dbfc94.jpg,416,416,maladie,90,199,108,232
m_41_png.rf.94d386c73af5da453e3e2e0604dbfc94.jpg,416,416,maladie,144,329,184,393
m_41_png.rf.94d386c73af5da453e3e2e0604dbfc94.jpg,416,416,normale,4,231,53,336
m_41_png.rf.94d386c73af5da453e3e2e0604dbfc94.jpg,416,416,normale,6,123,43,173
m_12_png.rf.966c45c296f4951444651734021a4018.jpg,416,416,maladie,69,22,119,117
m_12_png.rf.966c45c296f4951444651734021a4018.jpg,416,416,maladie,3,103,31,202
m_12_png.rf.966c45c296f4951444651734021a4018.jpg,416,416,maladie,340,299,385,354
m_54_png.rf.96ed0ee5cf700c4bff03970dfe8a69d2.jpg,416,416,normale,42,16,86,127
m_54_png.rf.96ed0ee5cf700c4bff03970dfe8a69d2.jpg,416,416,normale,341,44,369,95
m_54_png.rf.96ed0ee5cf700c4bff03970dfe8a69d2.jpg,416,416,normale,256,193,299,250
m_54_png.rf.96ed0ee5cf700c4bff03970dfe8a69d2.jpg,416,416,normale,154,18,206,75
m_54_png.rf.96ed0ee5cf700c4bff03970dfe8a69d2.jpg,416,416,maladie,7,259,39,328
m_102_png.rf.9ba8d08a7a62216bdd62bdbc8d934d58.jpg,416,416,maladie,147,68,260,211
m_102_png.rf.9ba8d08a7a62216bdd62bdbc8d934d58.jpg,416,416,maladie,19,198,84,308
m_102_png.rf.9ba8d08a7a62216bdd62bdbc8d934d58.jpg,416,416,maladie,245,238,342,369
m_27_png.rf.9d9c97b85c69869189aec6b86e54b496.jpg,416,416,maladie,236,4,281,77
m_27_png.rf.9d9c97b85c69869189aec6b86e54b496.jpg,416,416,maladie,166,197,228,306
m_27_png.rf.9d9c97b85c69869189aec6b86e54b496.jpg,416,416,maladie,118,4,158,89
m_27_png.rf.9d9c97b85c69869189aec6b86e54b496.jpg,416,416,maladie,64,286,129,393
m_2_png.rf.a1120cb58511f132d236a45d98f7de4f.jpg,416,416,maladie,59,27,184,206
m_2_png.rf.a1120cb58511f132d236a45d98f7de4f.jpg,416,416,maladie,66,218,174,375
m_2_png.rf.a1120cb58511f132d236a45d98f7de4f.jpg,416,416,maladie,317,8,412,213
m_56_png.rf.a142d604f35dbbd5dd9e1c9faa3d734d.jpg,416,416,maladie,204,146,248,239
m_56_png.rf.a142d604f35dbbd5dd9e1c9faa3d734d.jpg,416,416,maladie,12,287,48,331
m_56_png.rf.a142d604f35dbbd5dd9e1c9faa3d734d.jpg,416,416,maladie,340,123,384,180
m_56_png.rf.a142d604f35dbbd5dd9e1c9faa3d734d.jpg,416,416,normale,50,4,90,65
m_161_png.rf.a1ab723620e470db2fe295e22347fc77.jpg,416,416,normale,9,121,101,242
m_161_png.rf.a1ab723620e470db2fe295e22347fc77.jpg,416,416,normale,290,23,355,143
m_148_png.rf.aa1a1b6bf0fa5569c0c59679d19ad5d9.jpg,416,416,normale,106,35,151,93
m_148_png.rf.aa1a1b6bf0fa5569c0c59679d19ad5d9.jpg,416,416,normale,289,14,341,89
m_148_png.rf.aa1a1b6bf0fa5569c0c59679d19ad5d9.jpg,416,416,normale,104,244,169,338
m_134_png.rf.a5e6f9989668bc859c625d796bb7fa04.jpg,416,416,normale,277,20,337,110
m_158_png.rf.abbc1d482f39541b71d24138b13d8f7a.jpg,416,416,normale,257,71,309,167
m_158_png.rf.abbc1d482f39541b71d24138b13d8f7a.jpg,416,416,normale,53,66,111,151
m_185_png.rf.b0a47862df24fc58f6a821c376edff43.jpg,416,416,maladie,167,13,336,167
m_185_png.rf.b0a47862df24fc58f6a821c376edff43.jpg,416,416,maladie,101,186,243,381
m_138_png.rf.b228af21c9f9ffc3026c7200edc70d5f.jpg,416,416,normale,7,179,70,319
m_138_png.rf.b228af21c9f9ffc3026c7200edc70d5f.jpg,416,416,normale,156,55,272,196
m_138_png.rf.b228af21c9f9ffc3026c7200edc70d5f.jpg,416,416,normale,118,254,179,324
m_30_png.rf.b7720e60ff2fcefaacc1b97d5206b35c.jpg,416,416,maladie,91,41,135,128
m_30_png.rf.b7720e60ff2fcefaacc1b97d5206b35c.jpg,416,416,maladie,158,12,200,109
m_30_png.rf.b7720e60ff2fcefaacc1b97d5206b35c.jpg,416,416,maladie,55,244,86,329
m_30_png.rf.b7720e60ff2fcefaacc1b97d5206b35c.jpg,416,416,maladie,18,337,53,394
m_30_png.rf.b7720e60ff2fcefaacc1b97d5206b35c.jpg,416,416,maladie,260,152,302,301
m_30_png.rf.b7720e60ff2fcefaacc1b97d5206b35c.jpg,416,416,maladie,192,286,220,365
m_30_png.rf.b7720e60ff2fcefaacc1b97d5206b35c.jpg,416,416,maladie,155,160,198,252
m_30_png.rf.b7720e60ff2fcefaacc1b97d5206b35c.jpg,416,416,maladie,305,305,324,350
m_30_png.rf.b7720e60ff2fcefaacc1b97d5206b35c.jpg,416,416,normale,28,25,57,103
m_139_png.rf.bc6df23895dd6f6dd804cce042c52e11.jpg,416,416,normale,111,44,167,175
m_139_png.rf.bc6df23895dd6f6dd804cce042c52e11.jpg,416,416,normale,200,114,243,156
m_139_png.rf.bc6df23895dd6f6dd804cce042c52e11.jpg,416,416,normale,313,39,397,150
m_131_png.rf.bdaac81bdcf198ce2a4ddb0f5c48195f.jpg,416,416,normale,241,122,325,296
m_131_png.rf.bdaac81bdcf198ce2a4ddb0f5c48195f.jpg,416,416,normale,20,176,152,283
m_131_png.rf.bdaac81bdcf198ce2a4ddb0f5c48195f.jpg,416,416,normale,125,49,207,160
m_32_png.rf.c8524517cd67fc23cac1974e56f08dcd.jpg,416,416,maladie,66,8,139,109
m_32_png.rf.c8524517cd67fc23cac1974e56f08dcd.jpg,416,416,maladie,100,169,159,283
m_32_png.rf.c8524517cd67fc23cac1974e56f08dcd.jpg,416,416,normale,205,224,263,318
m_32_png.rf.c8524517cd67fc23cac1974e56f08dcd.jpg,416,416,normale,286,275,333,383
m_137_png.rf.ca060e7b7086f4279cd0dc2941410c8e.jpg,416,416,normale,282,99,416,259
m_137_png.rf.ca060e7b7086f4279cd0dc2941410c8e.jpg,416,416,normale,99,42,175,155
m_58_png.rf.ca839dd55367a631903fab5f59692e01.jpg,416,416,maladie,314,97,363,168
m_58_png.rf.ca839dd55367a631903fab5f59692e01.jpg,416,416,normale,299,258,317,309
m_58_png.rf.ca839dd55367a631903fab5f59692e01.jpg,416,416,normale,374,154,398,205
m_58_png.rf.ca839dd55367a631903fab5f59692e01.jpg,416,416,normale,290,60,341,124
m_133_png.rf.cc168bba07a506a1e80b54db3c5d0585.jpg,416,416,normale,257,22,349,220
m_133_png.rf.cc168bba07a506a1e80b54db3c5d0585.jpg,416,416,normale,25,68,114,190
m_133_png.rf.cc168bba07a506a1e80b54db3c5d0585.jpg,416,416,normale,135,240,188,366
m_141_png.rf.d220f710187e516b6cc5481f49ce2b48.jpg,416,416,normale,114,176,161,224
m_141_png.rf.d220f710187e516b6cc5481f49ce2b48.jpg,416,416,normale,231,72,301,167
m_141_png.rf.d220f710187e516b6cc5481f49ce2b48.jpg,416,416,normale,19,59,56,158
m_141_png.rf.d220f710187e516b6cc5481f49ce2b48.jpg,416,416,normale,225,193,284,277
m_3_png.rf.cfd78dc02daf8ff10edbda89247a8b37.jpg,416,416,normale,58,13,156,155
m_3_png.rf.cfd78dc02daf8ff10edbda89247a8b37.jpg,416,416,normale,235,25,315,187
m_3_png.rf.cfd78dc02daf8ff10edbda89247a8b37.jpg,416,416,normale,41,202,109,309
m_3_png.rf.cfd78dc02daf8ff10edbda89247a8b37.jpg,416,416,normale,149,182,233,331
m_62_png.rf.d5fefb3956c7c2ca4528e35626181499.jpg,416,416,maladie,49,98,125,167
m_62_png.rf.d5fefb3956c7c2ca4528e35626181499.jpg,416,416,maladie,198,240,252,325
m_62_png.rf.d5fefb3956c7c2ca4528e35626181499.jpg,416,416,maladie,113,24,155,78
m_116_png.rf.da5a60c729ef88040da598f9c760f4e9.jpg,416,416,normale,34,136,126,229
m_116_png.rf.da5a60c729ef88040da598f9c760f4e9.jpg,416,416,normale,160,122,284,237
m_116_png.rf.da5a60c729ef88040da598f9c760f4e9.jpg,416,416,normale,50,254,182,348
m_116_png.rf.da5a60c729ef88040da598f9c760f4e9.jpg,416,416,normale,311,222,359,307
m_55_png.rf.da835fef84f3017b69c19b00997de322.jpg,416,416,maladie,228,235,274,353
m_55_png.rf.da835fef84f3017b69c19b00997de322.jpg,416,416,maladie,58,363,138,416
m_55_png.rf.da835fef84f3017b69c19b00997de322.jpg,416,416,maladie,319,130,357,208
m_55_png.rf.da835fef84f3017b69c19b00997de322.jpg,416,416,normale,88,127,130,182
m_152_png.rf.dc41a93eec40a753cb2cbb9d7ef4b2e5.jpg,416,416,normale,130,52,181,123
m_152_png.rf.dc41a93eec40a753cb2cbb9d7ef4b2e5.jpg,416,416,normale,21,176,75,269
m_152_png.rf.dc41a93eec40a753cb2cbb9d7ef4b2e5.jpg,416,416,normale,335,230,379,286
m_126_png.rf.de5c2056c70639818e8817882f3a3248.jpg,416,416,normale,29,24,236,163
m_126_png.rf.de5c2056c70639818e8817882f3a3248.jpg,416,416,normale,279,30,416,178
m_126_png.rf.de5c2056c70639818e8817882f3a3248.jpg,416,416,normale,354,252,413,319
m_126_png.rf.de5c2056c70639818e8817882f3a3248.jpg,416,416,normale,141,183,183,253
m_140_png.rf.df5f38c9b5e83285db253adbcded8270.jpg,416,416,normale,23,63,97,157
m_140_png.rf.df5f38c9b5e83285db253adbcded8270.jpg,416,416,normale,121,205,188,258
m_140_png.rf.df5f38c9b5e83285db253adbcded8270.jpg,416,416,normale,369,185,407,311
m_64_png.rf.dfc2511331c984a32cfab13dcf0b3804.jpg,416,416,maladie,61,35,108,173
m_64_png.rf.dfc2511331c984a32cfab13dcf0b3804.jpg,416,416,maladie,127,222,178,319
m_64_png.rf.dfc2511331c984a32cfab13dcf0b3804.jpg,416,416,maladie,208,307,282,388
m_64_png.rf.dfc2511331c984a32cfab13dcf0b3804.jpg,416,416,normale,317,16,363,85
m_64_png.rf.dfc2511331c984a32cfab13dcf0b3804.jpg,416,416,normale,194,18,219,67
m_45_png.rf.e1fd21fe304b7825e5e7d16fdacc5943.jpg,416,416,maladie,37,4,96,60
m_45_png.rf.e1fd21fe304b7825e5e7d16fdacc5943.jpg,416,416,maladie,35,74,89,152
m_45_png.rf.e1fd21fe304b7825e5e7d16fdacc5943.jpg,416,416,maladie,104,45,146,134
m_45_png.rf.e1fd21fe304b7825e5e7d16fdacc5943.jpg,416,416,maladie,103,166,151,262
m_45_png.rf.e1fd21fe304b7825e5e7d16fdacc5943.jpg,416,416,maladie,25,219,111,365
m_45_png.rf.e1fd21fe304b7825e5e7d16fdacc5943.jpg,416,416,maladie,196,326,248,383
m_45_png.rf.e1fd21fe304b7825e5e7d16fdacc5943.jpg,416,416,maladie,309,32,357,79
m_173_png.rf.e55bfbba84c0709707f4d1b5af239648.jpg,416,416,maladie,197,335,254,396
m_173_png.rf.e55bfbba84c0709707f4d1b5af239648.jpg,416,416,maladie,206,69,309,109
m_173_png.rf.e55bfbba84c0709707f4d1b5af239648.jpg,416,416,maladie,219,200,329,266
m_173_png.rf.e55bfbba84c0709707f4d1b5af239648.jpg,416,416,normale,7,51,70,161
m_7_png.rf.ee15b3c404cfcb0dd56b1da1f90e4daa.jpg,416,416,maladie,36,159,120,214
m_120_png.rf.eebb2d1b5fc5ff39a6d16f9e28d7e6d8.jpg,416,416,normale,100,12,212,98
m_120_png.rf.eebb2d1b5fc5ff39a6d16f9e28d7e6d8.jpg,416,416,normale,271,41,396,162
m_104_png.rf.e655fec189c86fe524da7a892740c3db.jpg,416,416,maladie,66,266,154,377
m_104_png.rf.e655fec189c86fe524da7a892740c3db.jpg,416,416,maladie,139,194,184,264
m_104_png.rf.e655fec189c86fe524da7a892740c3db.jpg,416,416,maladie,237,210,301,330
m_104_png.rf.e655fec189c86fe524da7a892740c3db.jpg,416,416,maladie,207,347,298,416
m_104_png.rf.e655fec189c86fe524da7a892740c3db.jpg,416,416,maladie,120,0,200,64
m_104_png.rf.e655fec189c86fe524da7a892740c3db.jpg,416,416,maladie,29,2,91,89
m_16_png.rf.f55f81137f1dd6b148453c49b0e5f3b0.jpg,416,416,normale,241,174,309,280
m_16_png.rf.f55f81137f1dd6b148453c49b0e5f3b0.jpg,416,416,normale,138,110,200,243
m_16_png.rf.f55f81137f1dd6b148453c49b0e5f3b0.jpg,416,416,normale,188,14,246,119
m_40_png.rf.f6f39a2dff2b0da7445099fa5d0d0288.jpg,416,416,maladie,28,3,79,147
m_40_png.rf.f6f39a2dff2b0da7445099fa5d0d0288.jpg,416,416,maladie,27,164,97,285
m_40_png.rf.f6f39a2dff2b0da7445099fa5d0d0288.jpg,416,416,normale,263,138,348,297
m_40_png.rf.f6f39a2dff2b0da7445099fa5d0d0288.jpg,416,416,normale,271,322,365,403
m_40_png.rf.f6f39a2dff2b0da7445099fa5d0d0288.jpg,416,416,normale,84,337,181,392
m_53_png.rf.f7d6002121a126778767b16370db4c79.jpg,416,416,maladie,274,47,335,98
m_53_png.rf.f7d6002121a126778767b16370db4c79.jpg,416,416,normale,195,130,233,201
m_11_png.rf.fa2b4d3ce47584c9aac748e4734ed367.jpg,416,416,maladie,303,207,333,288
m_11_png.rf.fa2b4d3ce47584c9aac748e4734ed367.jpg,416,416,maladie,357,88,390,153
m_11_png.rf.fa2b4d3ce47584c9aac748e4734ed367.jpg,416,416,maladie,108,171,135,235
m_11_png.rf.fa2b4d3ce47584c9aac748e4734ed367.jpg,416,416,maladie,183,52,211,77
m_176_png.rf.fbbb30ce2a26277e1f004fef28937e4b.jpg,416,416,maladie,275,83,397,133
m_176_png.rf.fbbb30ce2a26277e1f004fef28937e4b.jpg,416,416,maladie,202,290,286,356
m_176_png.rf.fbbb30ce2a26277e1f004fef28937e4b.jpg,416,416,maladie,109,55,189,123
m_122_png.rf.ff35964df10bba95c26bb6a6c65fcc90.jpg,416,416,maladie,22,6,131,105
m_122_png.rf.ff35964df10bba95c26bb6a6c65fcc90.jpg,416,416,normale,206,5,296,126
m_124_png.rf.ffe64abcc5f7aeace1330682833c23ba.jpg,416,416,normale,53,142,120,252
m_124_png.rf.ffe64abcc5f7aeace1330682833c23ba.jpg,416,416,normale,108,13,190,97
m_124_png.rf.ffe64abcc5f7aeace1330682833c23ba.jpg,416,416,normale,75,282,112,317
m_124_png.rf.ffe64abcc5f7aeace1330682833c23ba.jpg,416,416,normale,140,260,143,262
m_124_png.rf.ffe64abcc5f7aeace1330682833c23ba.jpg,416,416,maladie,77,210,227,385
m_124_png.rf.ffe64abcc5f7aeace1330682833c23ba.jpg,416,416,normale,263,172,317,251
m_124_png.rf.ffe64abcc5f7aeace1330682833c23ba.jpg,416,416,normale,34,14,86,105